0,1,2,3,4,5,6,7,8,9,10,11,12,13,14,15,16,17,18,19,20,21,22,23,24,25,26,27,28,29,30,31,32,33,34,35,36,37,38,39,40,41,42,43,44,45,46,47,48,49,50,51,52,53
Episode,4
Neighbor_0,Neighbor_1,Neighbor_2,Neighbor_3,Neighbor_4,Neighbor_5,Neighbor_6,Neighbor_7,Neighbor_8,Neighbor_9,Neighbor_10,Neighbor_11,Neighbor_12,Neighbor_13,Neighbor_14,Neighbor_15,Average Attention Score
0.3332329988479614,0.33339622616767883,0.0,0.0,0.33337080478668213,0.0,0.0,0.0,0.0,0.0,0.0,0.0,0.0,0.0,0.0,0.0
0.24990400671958923,0.25003594160079956,0.2499227076768875,0.0,0.0,0.2501373887062073,0.0,0.0,0.0,0.0,0.0,0.0,0.0,0.0,0.0,0.0
0.0,0.25000572204589844,0.24988563358783722,0.25001004338264465,0.0,0.0,0.25009864568710327,0.0,0.0,0.0,0.0,0.0,0.0,0.0,0.0,0.0
0.0,0.0,0.3332122564315796,0.3333771228790283,0.0,0.0,0.0,0.3334106206893921,0.0,0.0,0.0,0.0,0.0,0.0,0.0,0.0
0.24988459050655365,0.0,0.0,0.0,0.2499934285879135,0.2501120865345001,0.0,0.0,0.2500099241733551,0.0,0.0,0.0,0.0,0.0,0.0,0.0
0.0,0.19997747242450714,0.0,0.0,0.19997990131378174,0.20007343590259552,0.20003587007522583,0.0,0.0,0.19993332028388977,0.0,0.0,0.0,0.0,0.0,0.0
0.0,0.0,0.19990095496177673,0.0,0.0,0.2000778615474701,0.20006150007247925,0.20000110566616058,0.0,0.0,0.19995857775211334,0.0,0.0,0.0,0.0,0.0
0.0,0.0,0.0,0.2499719113111496,0.0,0.0,0.2500799298286438,0.2500297725200653,0.0,0.0,0.0,0.2499183714389801,0.0,0.0,0.0,0.0
0.0,0.0,0.0,0.0,0.24998438358306885,0.0,0.0,0.0,0.2500065863132477,0.2499397248029709,0.0,0.0,0.25006935000419617,0.0,0.0,0.0
0.0,0.0,0.0,0.0,0.0,0.20009681582450867,0.0,0.0,0.20001819729804993,0.19996485114097595,0.19998766481876373,0.0,0.0,0.19993248581886292,0.0,0.0
0.0,0.0,0.0,0.0,0.0,0.0,0.2000889927148819,0.0,0.0,0.19997051358222961,0.20000742375850677,0.19997110962867737,0.0,0.0,0.19996193051338196,0.0
0.0,0.0,0.0,0.0,0.0,0.0,0.0,0.25003769993782043,0.0,0.0,0.25000813603401184,0.24993811547756195,0.0,0.0,0.0,0.2500160336494446
0.0,0.0,0.0,0.0,0.0,0.0,0.0,0.0,0.3333582282066345,0.0,0.0,0.0,0.3334609866142273,0.3331807851791382,0.0,0.0
0.0,0.0,0.0,0.0,0.0,0.0,0.0,0.0,0.0,0.24997688829898834,0.0,0.0,0.2501070201396942,0.24995994567871094,0.2499561607837677,0.0
0.0,0.0,0.0,0.0,0.0,0.0,0.0,0.0,0.0,0.0,0.24999746680259705,0.0,0.0,0.2498927265405655,0.2500362992286682,0.25007352232933044
0.0,0.0,0.0,0.0,0.0,0.0,0.0,0.0,0.0,0.0,0.0,0.33328360319137573,0.0,0.0,0.3333350419998169,0.33338138461112976
Neighbor_0,Neighbor_1,Neighbor_2,Neighbor_3,Neighbor_4,Neighbor_5,Neighbor_6,Neighbor_7,Neighbor_8,Neighbor_9,Neighbor_10,Neighbor_11,Neighbor_12,Neighbor_13,Neighbor_14,Neighbor_15,Single Sample Attention Score
0.3332183063030243,0.3334019184112549,0.0,0.0,0.3333798348903656,0.0,0.0,0.0,0.0,0.0,0.0,0.0,0.0,0.0,0.0,0.0
0.24989426136016846,0.2500373423099518,0.24991990625858307,0.0,0.0,0.2501485049724579,0.0,0.0,0.0,0.0,0.0,0.0,0.0,0.0,0.0,0.0
0.0,0.25000378489494324,0.24987761676311493,0.250011682510376,0.0,0.0,0.25010690093040466,0.0,0.0,0.0,0.0,0.0,0.0,0.0,0.0,0.0
0.0,0.0,0.3332027792930603,0.3333807587623596,0.0,0.0,0.0,0.3334164023399353,0.0,0.0,0.0,0.0,0.0,0.0,0.0,0.0
0.24987314641475677,0.0,0.0,0.0,0.24999569356441498,0.25012171268463135,0.0,0.0,0.2500094473361969,0.0,0.0,0.0,0.0,0.0,0.0,0.0
0.0,0.1999746412038803,0.0,0.0,0.19997936487197876,0.20007896423339844,0.20004016160964966,0.0,0.0,0.19992691278457642,0.0,0.0,0.0,0.0,0.0,0.0
0.0,0.0,0.19989366829395294,0.0,0.0,0.20008322596549988,0.20006713271141052,0.2000017613172531,0.0,0.0,0.19995419681072235,0.0,0.0,0.0,0.0,0.0
0.0,0.0,0.0,0.24997106194496155,0.0,0.0,0.25008702278137207,0.25003257393836975,0.0,0.0,0.0,0.24990929663181305,0.0,0.0,0.0,0.0
0.0,0.0,0.0,0.0,0.24998673796653748,0.0,0.0,0.0,0.2500063478946686,0.2499362975358963,0.0,0.0,0.25007063150405884,0.0,0.0,0.0
0.0,0.0,0.0,0.0,0.0,0.2001054584980011,0.0,0.0,0.2000184953212738,0.19996383786201477,0.1999865174293518,0.0,0.0,0.1999257653951645,0.0,0.0
0.0,0.0,0.0,0.0,0.0,0.0,0.20009659230709076,0.0,0.0,0.19996674358844757,0.20000599324703217,0.19997362792491913,0.0,0.0,0.199957013130188,0.0
0.0,0.0,0.0,0.0,0.0,0.0,0.0,0.2500390410423279,0.0,0.0,0.25000903010368347,0.24993804097175598,0.0,0.0,0.0,0.25001388788223267
0.0,0.0,0.0,0.0,0.0,0.0,0.0,0.0,0.3333616256713867,0.0,0.0,0.0,0.3334689736366272,0.33316943049430847,0.0,0.0
0.0,0.0,0.0,0.0,0.0,0.0,0.0,0.0,0.0,0.24997743964195251,0.0,0.0,0.2501142621040344,0.24995452165603638,0.24995380640029907,0.0
0.0,0.0,0.0,0.0,0.0,0.0,0.0,0.0,0.0,0.0,0.24999812245368958,0.0,0.0,0.2498839646577835,0.2500380277633667,0.2500799298286438
0.0,0.0,0.0,0.0,0.0,0.0,0.0,0.0,0.0,0.0,0.0,0.33328041434288025,0.0,0.0,0.33333373069763184,0.3333858251571655
Episode,9
Neighbor_0,Neighbor_1,Neighbor_2,Neighbor_3,Neighbor_4,Neighbor_5,Neighbor_6,Neighbor_7,Neighbor_8,Neighbor_9,Neighbor_10,Neighbor_11,Neighbor_12,Neighbor_13,Neighbor_14,Neighbor_15,Average Attention Score
0.3332444727420807,0.3333858251571655,0.0,0.0,0.3333696722984314,0.0,0.0,0.0,0.0,0.0,0.0,0.0,0.0,0.0,0.0,0.0
0.24990957975387573,0.2500273287296295,0.24992363154888153,0.0,0.0,0.250139445066452,0.0,0.0,0.0,0.0,0.0,0.0,0.0,0.0,0.0,0.0
0.0,0.24999645352363586,0.24988238513469696,0.25001510977745056,0.0,0.0,0.2501060366630554,0.0,0.0,0.0,0.0,0.0,0.0,0.0,0.0,0.0
0.0,0.0,0.3332056701183319,0.33338499069213867,0.0,0.0,0.0,0.3334093689918518,0.0,0.0,0.0,0.0,0.0,0.0,0.0,0.0
0.2498859316110611,0.0,0.0,0.0,0.24998828768730164,0.25011077523231506,0.0,0.0,0.2500150203704834,0.0,0.0,0.0,0.0,0.0,0.0,0.0
0.0,0.1999669373035431,0.0,0.0,0.19997675716876984,0.2000739723443985,0.20004981756210327,0.0,0.0,0.19993256032466888,0.0,0.0,0.0,0.0,0.0,0.0
0.0,0.0,0.1998961716890335,0.0,0.0,0.20008006691932678,0.2000676393508911,0.19999641180038452,0.0,0.0,0.1999596655368805,0.0,0.0,0.0,0.0,0.0
0.0,0.0,0.0,0.24997225403785706,0.0,0.0,0.2500826120376587,0.2500215768814087,0.0,0.0,0.0,0.24992358684539795,0.0,0.0,0.0,0.0
0.0,0.0,0.0,0.0,0.24998293817043304,0.0,0.0,0.0,0.25000932812690735,0.24993500113487244,0.0,0.0,0.25007277727127075,0.0,0.0,0.0
0.0,0.0,0.0,0.0,0.0,0.20009393990039825,0.0,0.0,0.20002418756484985,0.19996657967567444,0.19999034702777863,0.0,0.0,0.19992496073246002,0.0,0.0
0.0,0.0,0.0,0.0,0.0,0.0,0.20009730756282806,0.0,0.0,0.19996917247772217,0.20000922679901123,0.1999657303094864,0.0,0.0,0.19995860755443573,0.0
0.0,0.0,0.0,0.0,0.0,0.0,0.0,0.2500362694263458,0.0,0.0,0.25000277161598206,0.24993525445461273,0.0,0.0,0.0,0.2500257194042206
0.0,0.0,0.0,0.0,0.0,0.0,0.0,0.0,0.33336129784584045,0.0,0.0,0.0,0.33346426486968994,0.3331744968891144,0.0,0.0
0.0,0.0,0.0,0.0,0.0,0.0,0.0,0.0,0.0,0.24997688829898834,0.0,0.0,0.2501122057437897,0.24995476007461548,0.2499561607837677,0.0
0.0,0.0,0.0,0.0,0.0,0.0,0.0,0.0,0.0,0.0,0.24999555945396423,0.0,0.0,0.24988773465156555,0.2500323951244354,0.2500843107700348
0.0,0.0,0.0,0.0,0.0,0.0,0.0,0.0,0.0,0.0,0.0,0.3332948088645935,0.0,0.0,0.3333171606063843,0.333388090133667
Neighbor_0,Neighbor_1,Neighbor_2,Neighbor_3,Neighbor_4,Neighbor_5,Neighbor_6,Neighbor_7,Neighbor_8,Neighbor_9,Neighbor_10,Neighbor_11,Neighbor_12,Neighbor_13,Neighbor_14,Neighbor_15,Single Sample Attention Score
0.3332427144050598,0.3333888649940491,0.0,0.0,0.3333684504032135,0.0,0.0,0.0,0.0,0.0,0.0,0.0,0.0,0.0,0.0,0.0
0.2499067485332489,0.25002825260162354,0.24991866946220398,0.0,0.0,0.25014635920524597,0.0,0.0,0.0,0.0,0.0,0.0,0.0,0.0,0.0,0.0
0.0,0.24999599158763885,0.2498752325773239,0.2500152587890625,0.0,0.0,0.2501135766506195,0.0,0.0,0.0,0.0,0.0,0.0,0.0,0.0,0.0
0.0,0.0,0.3331970274448395,0.33338677883148193,0.0,0.0,0.0,0.3334161937236786,0.0,0.0,0.0,0.0,0.0,0.0,0.0,0.0
0.24988318979740143,0.0,0.0,0.0,0.2499856948852539,0.2501175105571747,0.0,0.0,0.25001364946365356,0.0,0.0,0.0,0.0,0.0,0.0,0.0
0.0,0.19996590912342072,0.0,0.0,0.19997379183769226,0.20007885992527008,0.20005476474761963,0.0,0.0,0.1999267190694809,0.0,0.0,0.0,0.0,0.0,0.0
0.0,0.0,0.19988952577114105,0.0,0.0,0.20008456707000732,0.20007231831550598,0.19999732077121735,0.0,0.0,0.1999562382698059,0.0,0.0,0.0,0.0,0.0
0.0,0.0,0.0,0.24996916949748993,0.0,0.0,0.2500881552696228,0.25002366304397583,0.0,0.0,0.0,0.24991902709007263,0.0,0.0,0.0,0.0
0.0,0.0,0.0,0.0,0.24998116493225098,0.0,0.0,0.0,0.2500091791152954,0.24993064999580383,0.0,0.0,0.2500790059566498,0.0,0.0,0.0
0.0,0.0,0.0,0.0,0.0,0.2001011222600937,0.0,0.0,0.2000248283147812,0.1999649554491043,0.19999077916145325,0.0,0.0,0.19991829991340637,0.0,0.0
0.0,0.0,0.0,0.0,0.0,0.0,0.20010465383529663,0.0,0.0,0.19996590912342072,0.20000939071178436,0.19996492564678192,0.0,0.0,0.19995510578155518,0.0
0.0,0.0,0.0,0.0,0.0,0.0,0.0,0.25003960728645325,0.0,0.0,0.25000154972076416,0.24993209540843964,0.0,0.0,0.0,0.25002676248550415
0.0,0.0,0.0,0.0,0.0,0.0,0.0,0.0,0.33336228132247925,0.0,0.0,0.0,0.33347538113594055,0.333162397146225,0.0,0.0
0.0,0.0,0.0,0.0,0.0,0.0,0.0,0.0,0.0,0.2499760091304779,0.0,0.0,0.25012075901031494,0.24994893372058868,0.24995431303977966,0.0
0.0,0.0,0.0,0.0,0.0,0.0,0.0,0.0,0.0,0.0,0.24999669194221497,0.0,0.0,0.24987883865833282,0.2500336468219757,0.2500908076763153
0.0,0.0,0.0,0.0,0.0,0.0,0.0,0.0,0.0,0.0,0.0,0.33329468965530396,0.0,0.0,0.333313912153244,0.33339136838912964
Episode,14
Neighbor_0,Neighbor_1,Neighbor_2,Neighbor_3,Neighbor_4,Neighbor_5,Neighbor_6,Neighbor_7,Neighbor_8,Neighbor_9,Neighbor_10,Neighbor_11,Neighbor_12,Neighbor_13,Neighbor_14,Neighbor_15,Average Attention Score
0.3332517445087433,0.33338433504104614,0.0,0.0,0.3333638906478882,0.0,0.0,0.0,0.0,0.0,0.0,0.0,0.0,0.0,0.0,0.0
0.24991236627101898,0.2500283420085907,0.24992339313030243,0.0,0.0,0.2501359283924103,0.0,0.0,0.0,0.0,0.0,0.0,0.0,0.0,0.0,0.0
0.0,0.24999427795410156,0.24988184869289398,0.25001245737075806,0.0,0.0,0.25011146068573,0.0,0.0,0.0,0.0,0.0,0.0,0.0,0.0,0.0
0.0,0.0,0.33319297432899475,0.3333790898323059,0.0,0.0,0.0,0.33342793583869934,0.0,0.0,0.0,0.0,0.0,0.0,0.0,0.0
0.24988731741905212,0.0,0.0,0.0,0.24998293817043304,0.25010547041893005,0.0,0.0,0.2500241994857788,0.0,0.0,0.0,0.0,0.0,0.0,0.0
0.0,0.19996637105941772,0.0,0.0,0.1999734491109848,0.2000708132982254,0.200057715177536,0.0,0.0,0.19993163645267487,0.0,0.0,0.0,0.0,0.0,0.0
0.0,0.0,0.19988754391670227,0.0,0.0,0.20007503032684326,0.20006750524044037,0.2000027894973755,0.0,0.0,0.1999671459197998,0.0,0.0,0.0,0.0,0.0
0.0,0.0,0.0,0.24996699392795563,0.0,0.0,0.25007957220077515,0.2500304579734802,0.0,0.0,0.0,0.249922975897789,0.0,0.0,0.0,0.0
0.0,0.0,0.0,0.0,0.24997642636299133,0.0,0.0,0.0,0.25001710653305054,0.249928280711174,0.0,0.0,0.2500782012939453,0.0,0.0,0.0
0.0,0.0,0.0,0.0,0.0,0.20008842647075653,0.0,0.0,0.20003123581409454,0.19996201992034912,0.1999938040971756,0.0,0.0,0.1999245434999466,0.0,0.0
0.0,0.0,0.0,0.0,0.0,0.0,0.20009920001029968,0.0,0.0,0.1999664455652237,0.2000177502632141,0.19996832311153412,0.0,0.0,0.19994831085205078,0.0
0.0,0.0,0.0,0.0,0.0,0.0,0.0,0.25004246830940247,0.0,0.0,0.2500086724758148,0.24993190169334412,0.0,0.0,0.0,0.250016987323761
0.0,0.0,0.0,0.0,0.0,0.0,0.0,0.0,0.333361953496933,0.0,0.0,0.0,0.3334605395793915,0.3331775367259979,0.0,0.0
0.0,0.0,0.0,0.0,0.0,0.0,0.0,0.0,0.0,0.24997206032276154,0.0,0.0,0.2501172423362732,0.249964639544487,0.24994605779647827,0.0
0.0,0.0,0.0,0.0,0.0,0.0,0.0,0.0,0.0,0.0,0.24999740719795227,0.0,0.0,0.2498912811279297,0.2500278651714325,0.25008344650268555
0.0,0.0,0.0,0.0,0.0,0.0,0.0,0.0,0.0,0.0,0.0,0.33330318331718445,0.0,0.0,0.3333057463169098,0.3333910405635834
Neighbor_0,Neighbor_1,Neighbor_2,Neighbor_3,Neighbor_4,Neighbor_5,Neighbor_6,Neighbor_7,Neighbor_8,Neighbor_9,Neighbor_10,Neighbor_11,Neighbor_12,Neighbor_13,Neighbor_14,Neighbor_15,Single Sample Attention Score
0.3332500457763672,0.3333866000175476,0.0,0.0,0.3333633840084076,0.0,0.0,0.0,0.0,0.0,0.0,0.0,0.0,0.0,0.0,0.0
0.2499098926782608,0.2500288188457489,0.24991852045059204,0.0,0.0,0.25014278292655945,0.0,0.0,0.0,0.0,0.0,0.0,0.0,0.0,0.0,0.0
0.0,0.24999284744262695,0.24987417459487915,0.25001487135887146,0.0,0.0,0.25011810660362244,0.0,0.0,0.0,0.0,0.0,0.0,0.0,0.0,0.0
0.0,0.0,0.3331821858882904,0.333382785320282,0.0,0.0,0.0,0.3334349989891052,0.0,0.0,0.0,0.0,0.0,0.0,0.0,0.0
0.2498844414949417,0.0,0.0,0.0,0.24998041987419128,0.2501116693019867,0.0,0.0,0.2500234842300415,0.0,0.0,0.0,0.0,0.0,0.0,0.0
0.0,0.19996508955955505,0.0,0.0,0.19997093081474304,0.2000756710767746,0.20006267726421356,0.0,0.0,0.19992563128471375,0.0,0.0,0.0,0.0,0.0,0.0
0.0,0.0,0.19988031685352325,0.0,0.0,0.20007896423339844,0.20007172226905823,0.20000456273555756,0.0,0.0,0.19996441900730133,0.0,0.0,0.0,0.0,0.0
0.0,0.0,0.0,0.2499658614397049,0.0,0.0,0.25008371472358704,0.2500331401824951,0.0,0.0,0.0,0.24991728365421295,0.0,0.0,0.0,0.0
0.0,0.0,0.0,0.0,0.2499745786190033,0.0,0.0,0.0,0.25001758337020874,0.24992311000823975,0.0,0.0,0.25008466839790344,0.0,0.0,0.0
0.0,0.0,0.0,0.0,0.0,0.20009496808052063,0.0,0.0,0.2000323235988617,0.19995981454849243,0.19999483227729797,0.0,0.0,0.19991810619831085,0.0,0.0
0.0,0.0,0.0,0.0,0.0,0.0,0.20010629296302795,0.0,0.0,0.19996273517608643,0.20001894235610962,0.1999674141407013,0.0,0.0,0.1999446600675583,0.0
0.0,0.0,0.0,0.0,0.0,0.0,0.0,0.25004664063453674,0.0,0.0,0.25000810623168945,0.24992802739143372,0.0,0.0,0.0,0.2500172555446625
0.0,0.0,0.0,0.0,0.0,0.0,0.0,0.0,0.33336305618286133,0.0,0.0,0.0,0.3334711194038391,0.3331657946109772,0.0,0.0
0.0,0.0,0.0,0.0,0.0,0.0,0.0,0.0,0.0,0.24997030198574066,0.0,0.0,0.2501259446144104,0.249959796667099,0.24994397163391113,0.0
0.0,0.0,0.0,0.0,0.0,0.0,0.0,0.0,0.0,0.0,0.24999873340129852,0.0,0.0,0.24988232553005219,0.2500291168689728,0.2500897943973541
0.0,0.0,0.0,0.0,0.0,0.0,0.0,0.0,0.0,0.0,0.0,0.33330321311950684,0.0,0.0,0.3333021104335785,0.33339473605155945
Episode,19
Neighbor_0,Neighbor_1,Neighbor_2,Neighbor_3,Neighbor_4,Neighbor_5,Neighbor_6,Neighbor_7,Neighbor_8,Neighbor_9,Neighbor_10,Neighbor_11,Neighbor_12,Neighbor_13,Neighbor_14,Neighbor_15,Average Attention Score
0.3332640826702118,0.3333891034126282,0.0,0.0,0.33334681391716003,0.0,0.0,0.0,0.0,0.0,0.0,0.0,0.0,0.0,0.0,0.0
0.24991367757320404,0.25002720952033997,0.24992620944976807,0.0,0.0,0.2501329183578491,0.0,0.0,0.0,0.0,0.0,0.0,0.0,0.0,0.0,0.0
0.0,0.24997752904891968,0.2498689591884613,0.2500351071357727,0.0,0.0,0.2501184344291687,0.0,0.0,0.0,0.0,0.0,0.0,0.0,0.0,0.0
0.0,0.0,0.3331805467605591,0.33341237902641296,0.0,0.0,0.0,0.33340707421302795,0.0,0.0,0.0,0.0,0.0,0.0,0.0,0.0
0.2498948723077774,0.0,0.0,0.0,0.24996532499790192,0.25010254979133606,0.0,0.0,0.2500373125076294,0.0,0.0,0.0,0.0,0.0,0.0,0.0
0.0,0.19996418058872223,0.0,0.0,0.1999540627002716,0.20006564259529114,0.20007622241973877,0.0,0.0,0.19993990659713745,0.0,0.0,0.0,0.0,0.0,0.0
0.0,0.0,0.19988645613193512,0.0,0.0,0.20006999373435974,0.20008529722690582,0.19999569654464722,0.0,0.0,0.1999625414609909,0.0,0.0,0.0,0.0,0.0
0.0,0.0,0.0,0.24997982382774353,0.0,0.0,0.25008702278137207,0.2500067949295044,0.0,0.0,0.0,0.2499263435602188,0.0,0.0,0.0,0.0
0.0,0.0,0.0,0.0,0.24995417892932892,0.0,0.0,0.0,0.25002366304397583,0.2499372810125351,0.0,0.0,0.25008490681648254,0.0,0.0,0.0
0.0,0.0,0.0,0.0,0.0,0.2000783383846283,0.0,0.0,0.20003683865070343,0.19997751712799072,0.19999121129512787,0.0,0.0,0.19991610944271088,0.0,0.0
0.0,0.0,0.0,0.0,0.0,0.0,0.20010757446289062,0.0,0.0,0.19996681809425354,0.2000056654214859,0.19997479021549225,0.0,0.0,0.19994515180587769,0.0
0.0,0.0,0.0,0.0,0.0,0.0,0.0,0.2500249743461609,0.0,0.0,0.2499890923500061,0.2499459683895111,0.0,0.0,0.0,0.2500399947166443
0.0,0.0,0.0,0.0,0.0,0.0,0.0,0.0,0.33337098360061646,0.0,0.0,0.0,0.333469420671463,0.3331596553325653,0.0,0.0
0.0,0.0,0.0,0.0,0.0,0.0,0.0,0.0,0.0,0.2499772161245346,0.0,0.0,0.2501201033592224,0.2499537169933319,0.24994899332523346,0.0
0.0,0.0,0.0,0.0,0.0,0.0,0.0,0.0,0.0,0.0,0.24999071657657623,0.0,0.0,0.24988524615764618,0.2500232458114624,0.2501007914543152
0.0,0.0,0.0,0.0,0.0,0.0,0.0,0.0,0.0,0.0,0.0,0.33331164717674255,0.0,0.0,0.333281010389328,0.33340737223625183
Neighbor_0,Neighbor_1,Neighbor_2,Neighbor_3,Neighbor_4,Neighbor_5,Neighbor_6,Neighbor_7,Neighbor_8,Neighbor_9,Neighbor_10,Neighbor_11,Neighbor_12,Neighbor_13,Neighbor_14,Neighbor_15,Single Sample Attention Score
0.3332628607749939,0.3333912491798401,0.0,0.0,0.33334586024284363,0.0,0.0,0.0,0.0,0.0,0.0,0.0,0.0,0.0,0.0,0.0
0.24991096556186676,0.25002801418304443,0.24992285668849945,0.0,0.0,0.25013816356658936,0.0,0.0,0.0,0.0,0.0,0.0,0.0,0.0,0.0,0.0
0.0,0.24997515976428986,0.24986182153224945,0.2500382959842682,0.0,0.0,0.2501246929168701,0.0,0.0,0.0,0.0,0.0,0.0,0.0,0.0,0.0
0.0,0.0,0.3331710994243622,0.3334171175956726,0.0,0.0,0.0,0.3334117829799652,0.0,0.0,0.0,0.0,0.0,0.0,0.0,0.0
0.24989204108715057,0.0,0.0,0.0,0.24996283650398254,0.25010716915130615,0.0,0.0,0.25003793835639954,0.0,0.0,0.0,0.0,0.0,0.0,0.0
0.0,0.1999625563621521,0.0,0.0,0.1999509483575821,0.20006848871707916,0.20008164644241333,0.0,0.0,0.1999363750219345,0.0,0.0,0.0,0.0,0.0,0.0
0.0,0.0,0.19988049566745758,0.0,0.0,0.20007236301898956,0.20009034872055054,0.19999666512012482,0.0,0.0,0.1999601125717163,0.0,0.0,0.0,0.0,0.0
0.0,0.0,0.0,0.24997948110103607,0.0,0.0,0.2500913739204407,0.2500075101852417,0.0,0.0,0.0,0.24992160499095917,0.0,0.0,0.0,0.0
0.0,0.0,0.0,0.0,0.2499510496854782,0.0,0.0,0.0,0.2500240206718445,0.2499341368675232,0.0,0.0,0.25009074807167053,0.0,0.0,0.0
0.0,0.0,0.0,0.0,0.0,0.20008237659931183,0.0,0.0,0.20003829896450043,0.19997714459896088,0.19999191164970398,0.0,0.0,0.1999102681875229,0.0,0.0
0.0,0.0,0.0,0.0,0.0,0.0,0.20011386275291443,0.0,0.0,0.19996437430381775,0.20000559091567993,0.19997407495975494,0.0,0.0,0.19994203746318817,0.0
0.0,0.0,0.0,0.0,0.0,0.0,0.0,0.2500274181365967,0.0,0.0,0.24998751282691956,0.2499433308839798,0.0,0.0,0.0,0.2500417232513428
0.0,0.0,0.0,0.0,0.0,0.0,0.0,0.0,0.33337217569351196,0.0,0.0,0.0,0.33347925543785095,0.33314862847328186,0.0,0.0
0.0,0.0,0.0,0.0,0.0,0.0,0.0,0.0,0.0,0.24997618794441223,0.0,0.0,0.25012749433517456,0.2499489188194275,0.24994739890098572,0.0
0.0,0.0,0.0,0.0,0.0,0.0,0.0,0.0,0.0,0.0,0.24999134242534637,0.0,0.0,0.24987711012363434,0.25002437829971313,0.25010719895362854
0.0,0.0,0.0,0.0,0.0,0.0,0.0,0.0,0.0,0.0,0.0,0.3333113491535187,0.0,0.0,0.33327698707580566,0.3334116041660309
Episode,24
Neighbor_0,Neighbor_1,Neighbor_2,Neighbor_3,Neighbor_4,Neighbor_5,Neighbor_6,Neighbor_7,Neighbor_8,Neighbor_9,Neighbor_10,Neighbor_11,Neighbor_12,Neighbor_13,Neighbor_14,Neighbor_15,Average Attention Score
0.333255797624588,0.33338797092437744,0.0,0.0,0.3333563208580017,0.0,0.0,0.0,0.0,0.0,0.0,0.0,0.0,0.0,0.0,0.0
0.2499103546142578,0.25003334879875183,0.24992771446704865,0.0,0.0,0.2501285672187805,0.0,0.0,0.0,0.0,0.0,0.0,0.0,0.0,0.0,0.0
0.0,0.24998874962329865,0.24987778067588806,0.2500211000442505,0.0,0.0,0.250112384557724,0.0,0.0,0.0,0.0,0.0,0.0,0.0,0.0,0.0
0.0,0.0,0.3331839144229889,0.3333898186683655,0.0,0.0,0.0,0.333426296710968,0.0,0.0,0.0,0.0,0.0,0.0,0.0,0.0
0.2498864233493805,0.0,0.0,0.0,0.2499818652868271,0.2500990927219391,0.0,0.0,0.25003257393836975,0.0,0.0,0.0,0.0,0.0,0.0,0.0
0.0,0.19997000694274902,0.0,0.0,0.199970543384552,0.20006325840950012,0.20006880164146423,0.0,0.0,0.1999274343252182,0.0,0.0,0.0,0.0,0.0,0.0
0.0,0.0,0.1998857855796814,0.0,0.0,0.2000649869441986,0.20007143914699554,0.20000410079956055,0.0,0.0,0.1999736726284027,0.0,0.0,0.0,0.0,0.0
0.0,0.0,0.0,0.24997378885746002,0.0,0.0,0.2500791847705841,0.25002896785736084,0.0,0.0,0.0,0.24991808831691742,0.0,0.0,0.0,0.0
0.0,0.0,0.0,0.0,0.24997206032276154,0.0,0.0,0.0,0.25002342462539673,0.24991561472415924,0.0,0.0,0.2500889301300049,0.0,0.0,0.0
0.0,0.0,0.0,0.0,0.0,0.2000785768032074,0.0,0.0,0.20003831386566162,0.19995716214179993,0.20000220835208893,0.0,0.0,0.19992375373840332,0.0,0.0
0.0,0.0,0.0,0.0,0.0,0.0,0.20010776817798615,0.0,0.0,0.1999574601650238,0.20002783834934235,0.1999705284833908,0.0,0.0,0.1999364048242569,0.0
0.0,0.0,0.0,0.0,0.0,0.0,0.0,0.2500404119491577,0.0,0.0,0.2500127851963043,0.24992801249027252,0.0,0.0,0.0,0.25001880526542664
0.0,0.0,0.0,0.0,0.0,0.0,0.0,0.0,0.33336538076400757,0.0,0.0,0.0,0.3334628939628601,0.3331717550754547,0.0,0.0
0.0,0.0,0.0,0.0,0.0,0.0,0.0,0.0,0.0,0.24996566772460938,0.0,0.0,0.2501310408115387,0.24997076392173767,0.24993255734443665,0.0
0.0,0.0,0.0,0.0,0.0,0.0,0.0,0.0,0.0,0.0,0.25000128149986267,0.0,0.0,0.2498932182788849,0.2500220239162445,0.2500835359096527
0.0,0.0,0.0,0.0,0.0,0.0,0.0,0.0,0.0,0.0,0.0,0.3333074152469635,0.0,0.0,0.33328935503959656,0.33340325951576233
Neighbor_0,Neighbor_1,Neighbor_2,Neighbor_3,Neighbor_4,Neighbor_5,Neighbor_6,Neighbor_7,Neighbor_8,Neighbor_9,Neighbor_10,Neighbor_11,Neighbor_12,Neighbor_13,Neighbor_14,Neighbor_15,Single Sample Attention Score
0.33326390385627747,0.33337920904159546,0.0,0.0,0.3333568871021271,0.0,0.0,0.0,0.0,0.0,0.0,0.0,0.0,0.0,0.0,0.0
0.2499251812696457,0.2500304579734802,0.24994628131389618,0.0,0.0,0.2500981092453003,0.0,0.0,0.0,0.0,0.0,0.0,0.0,0.0,0.0,0.0
0.0,0.25000184774398804,0.24991416931152344,0.2500082850456238,0.0,0.0,0.25007572770118713,0.0,0.0,0.0,0.0,0.0,0.0,0.0,0.0,0.0
0.0,0.0,0.3332407474517822,0.3333737552165985,0.0,0.0,0.0,0.3333854675292969,0.0,0.0,0.0,0.0,0.0,0.0,0.0,0.0
0.24990054965019226,0.0,0.0,0.0,0.24999023973941803,0.2500709593296051,0.0,0.0,0.2500382363796234,0.0,0.0,0.0,0.0,0.0,0.0,0.0
0.0,0.19997937977313995,0.0,0.0,0.19998395442962646,0.20004460215568542,0.20003873109817505,0.0,0.0,0.1999533474445343,0.0,0.0,0.0,0.0,0.0,0.0
0.0,0.0,0.19992156326770782,0.0,0.0,0.2000541090965271,0.2000468671321869,0.1999918520450592,0.0,0.0,0.19998566806316376,0.0,0.0,0.0,0.0,0.0
0.0,0.0,0.0,0.2499825805425644,0.0,0.0,0.2500576078891754,0.25001347064971924,0.0,0.0,0.0,0.24994628131389618,0.0,0.0,0.0,0.0
0.0,0.0,0.0,0.0,0.2499837726354599,0.0,0.0,0.0,0.25002723932266235,0.24994046986103058,0.0,0.0,0.25004851818084717,0.0,0.0,0.0
0.0,0.0,0.0,0.0,0.0,0.20005296170711517,0.0,0.0,0.2000354528427124,0.19996115565299988,0.19999206066131592,0.0,0.0,0.1999584138393402,0.0,0.0
0.0,0.0,0.0,0.0,0.0,0.0,0.20006901025772095,0.0,0.0,0.19997632503509521,0.20002111792564392,0.1999710500240326,0.0,0.0,0.19996249675750732,0.0
0.0,0.0,0.0,0.0,0.0,0.0,0.0,0.25001710653305054,0.0,0.0,0.2500161826610565,0.24994538724422455,0.0,0.0,0.0,0.2500213086605072
0.0,0.0,0.0,0.0,0.0,0.0,0.0,0.0,0.33336520195007324,0.0,0.0,0.0,0.3334001302719116,0.33323460817337036,0.0,0.0
0.0,0.0,0.0,0.0,0.0,0.0,0.0,0.0,0.0,0.2499716728925705,0.0,0.0,0.2500794231891632,0.24999870359897614,0.24995018541812897,0.0
0.0,0.0,0.0,0.0,0.0,0.0,0.0,0.0,0.0,0.0,0.24999046325683594,0.0,0.0,0.24993868172168732,0.2500179409980774,0.25005289912223816
0.0,0.0,0.0,0.0,0.0,0.0,0.0,0.0,0.0,0.0,0.0,0.3332993984222412,0.0,0.0,0.333315372467041,0.33338528871536255
Episode,29
Neighbor_0,Neighbor_1,Neighbor_2,Neighbor_3,Neighbor_4,Neighbor_5,Neighbor_6,Neighbor_7,Neighbor_8,Neighbor_9,Neighbor_10,Neighbor_11,Neighbor_12,Neighbor_13,Neighbor_14,Neighbor_15,Average Attention Score
0.3332660496234894,0.333386093378067,0.0,0.0,0.3333478569984436,0.0,0.0,0.0,0.0,0.0,0.0,0.0,0.0,0.0,0.0,0.0
0.249916672706604,0.2500266432762146,0.2499270886182785,0.0,0.0,0.2501296103000641,0.0,0.0,0.0,0.0,0.0,0.0,0.0,0.0,0.0,0.0
0.0,0.24996978044509888,0.2498643398284912,0.2500443756580353,0.0,0.0,0.2501215934753418,0.0,0.0,0.0,0.0,0.0,0.0,0.0,0.0,0.0
0.0,0.0,0.3331701159477234,0.3334200382232666,0.0,0.0,0.0,0.3334098756313324,0.0,0.0,0.0,0.0,0.0,0.0,0.0,0.0
0.24989397823810577,0.0,0.0,0.0,0.24996551871299744,0.25009697675704956,0.0,0.0,0.2500435411930084,0.0,0.0,0.0,0.0,0.0,0.0,0.0
0.0,0.1999620646238327,0.0,0.0,0.19995318353176117,0.2000596523284912,0.20008288323879242,0.0,0.0,0.19994226098060608,0.0,0.0,0.0,0.0,0.0,0.0
0.0,0.0,0.19988420605659485,0.0,0.0,0.20006372034549713,0.2000880390405655,0.19999954104423523,0.0,0.0,0.19996455311775208,0.0,0.0,0.0,0.0,0.0
0.0,0.0,0.0,0.24998068809509277,0.0,0.0,0.2500852346420288,0.2500053346157074,0.0,0.0,0.0,0.2499288022518158,0.0,0.0,0.0,0.0
0.0,0.0,0.0,0.0,0.24994975328445435,0.0,0.0,0.0,0.25002798438072205,0.24993553757667542,0.0,0.0,0.2500867247581482,0.0,0.0,0.0
0.0,0.0,0.0,0.0,0.0,0.20007041096687317,0.0,0.0,0.20004194974899292,0.19998081028461456,0.1999959796667099,0.0,0.0,0.19991087913513184,0.0,0.0
0.0,0.0,0.0,0.0,0.0,0.0,0.2001107782125473,0.0,0.0,0.19996607303619385,0.2000063955783844,0.1999821662902832,0.0,0.0,0.19993460178375244,0.0
0.0,0.0,0.0,0.0,0.0,0.0,0.0,0.2500233054161072,0.0,0.0,0.24998679757118225,0.24994955956935883,0.0,0.0,0.0,0.25004035234451294
0.0,0.0,0.0,0.0,0.0,0.0,0.0,0.0,0.3333783447742462,0.0,0.0,0.0,0.33347269892692566,0.3331489562988281,0.0,0.0
0.0,0.0,0.0,0.0,0.0,0.0,0.0,0.0,0.0,0.24998249113559723,0.0,0.0,0.25012725591659546,0.24995043873786926,0.24993982911109924,0.0
0.0,0.0,0.0,0.0,0.0,0.0,0.0,0.0,0.0,0.0,0.24999560415744781,0.0,0.0,0.249882772564888,0.2500148117542267,0.2501068413257599
0.0,0.0,0.0,0.0,0.0,0.0,0.0,0.0,0.0,0.0,0.0,0.3333226144313812,0.0,0.0,0.3332630395889282,0.3334144055843353
Neighbor_0,Neighbor_1,Neighbor_2,Neighbor_3,Neighbor_4,Neighbor_5,Neighbor_6,Neighbor_7,Neighbor_8,Neighbor_9,Neighbor_10,Neighbor_11,Neighbor_12,Neighbor_13,Neighbor_14,Neighbor_15,Single Sample Attention Score
0.333265095949173,0.3333883285522461,0.0,0.0,0.3333466053009033,0.0,0.0,0.0,0.0,0.0,0.0,0.0,0.0,0.0,0.0,0.0
0.24991434812545776,0.25002753734588623,0.24992330372333527,0.0,0.0,0.25013473629951477,0.0,0.0,0.0,0.0,0.0,0.0,0.0,0.0,0.0,0.0
0.0,0.24996720254421234,0.24985651671886444,0.2500483989715576,0.0,0.0,0.2501278817653656,0.0,0.0,0.0,0.0,0.0,0.0,0.0,0.0,0.0
0.0,0.0,0.33316007256507874,0.3334256708621979,0.0,0.0,0.0,0.3334142565727234,0.0,0.0,0.0,0.0,0.0,0.0,0.0,0.0
0.24989144504070282,0.0,0.0,0.0,0.24996276199817657,0.2501014471054077,0.0,0.0,0.2500443756580353,0.0,0.0,0.0,0.0,0.0,0.0,0.0
0.0,0.19996057450771332,0.0,0.0,0.19994986057281494,0.20006230473518372,0.20008859038352966,0.0,0.0,0.19993862509727478,0.0,0.0,0.0,0.0,0.0,0.0
0.0,0.0,0.19987796247005463,0.0,0.0,0.20006589591503143,0.2000933140516281,0.20000045001506805,0.0,0.0,0.199962317943573,0.0,0.0,0.0,0.0,0.0
0.0,0.0,0.0,0.24998122453689575,0.0,0.0,0.2500893771648407,0.2500055134296417,0.0,0.0,0.0,0.24992389976978302,0.0,0.0,0.0,0.0
0.0,0.0,0.0,0.0,0.24994635581970215,0.0,0.0,0.0,0.25002872943878174,0.24993231892585754,0.0,0.0,0.25009259581565857,0.0,0.0,0.0
0.0,0.0,0.0,0.0,0.0,0.20007412135601044,0.0,0.0,0.200043722987175,0.1999804973602295,0.19999706745147705,0.0,0.0,0.19990459084510803,0.0,0.0
0.0,0.0,0.0,0.0,0.0,0.0,0.2001173198223114,0.0,0.0,0.19996371865272522,0.20000655949115753,0.19998174905776978,0.0,0.0,0.19993065297603607,0.0
0.0,0.0,0.0,0.0,0.0,0.0,0.0,0.2500254511833191,0.0,0.0,0.2499854415655136,0.24994711577892303,0.0,0.0,0.0,0.2500419616699219
0.0,0.0,0.0,0.0,0.0,0.0,0.0,0.0,0.3333802819252014,0.0,0.0,0.0,0.3334825336933136,0.3331371247768402,0.0,0.0
0.0,0.0,0.0,0.0,0.0,0.0,0.0,0.0,0.0,0.24998219311237335,0.0,0.0,0.2501348853111267,0.24994538724422455,0.2499375343322754,0.0
0.0,0.0,0.0,0.0,0.0,0.0,0.0,0.0,0.0,0.0,0.24999679625034332,0.0,0.0,0.2498742640018463,0.2500151991844177,0.25011372566223145
0.0,0.0,0.0,0.0,0.0,0.0,0.0,0.0,0.0,0.0,0.0,0.33332324028015137,0.0,0.0,0.333257794380188,0.33341899514198303
Episode,34
Neighbor_0,Neighbor_1,Neighbor_2,Neighbor_3,Neighbor_4,Neighbor_5,Neighbor_6,Neighbor_7,Neighbor_8,Neighbor_9,Neighbor_10,Neighbor_11,Neighbor_12,Neighbor_13,Neighbor_14,Neighbor_15,Average Attention Score
0.3332665264606476,0.3333849310874939,0.0,0.0,0.3333485424518585,0.0,0.0,0.0,0.0,0.0,0.0,0.0,0.0,0.0,0.0,0.0
0.24991770088672638,0.2500297427177429,0.24992647767066956,0.0,0.0,0.25012609362602234,0.0,0.0,0.0,0.0,0.0,0.0,0.0,0.0,0.0,0.0
0.0,0.2499707043170929,0.24986279010772705,0.2500469386577606,0.0,0.0,0.25011956691741943,0.0,0.0,0.0,0.0,0.0,0.0,0.0,0.0,0.0
0.0,0.0,0.3331681191921234,0.33342424035072327,0.0,0.0,0.0,0.3334076404571533,0.0,0.0,0.0,0.0,0.0,0.0,0.0,0.0
0.24989235401153564,0.0,0.0,0.0,0.2499704658985138,0.2500922381877899,0.0,0.0,0.25004494190216064,0.0,0.0,0.0,0.0,0.0,0.0,0.0
0.0,0.19996504485607147,0.0,0.0,0.19995810091495514,0.20005595684051514,0.2000805288553238,0.0,0.0,0.19994038343429565,0.0,0.0,0.0,0.0,0.0,0.0
0.0,0.0,0.19988468289375305,0.0,0.0,0.20006194710731506,0.20008882880210876,0.20000049471855164,0.0,0.0,0.19996406137943268,0.0,0.0,0.0,0.0,0.0
0.0,0.0,0.0,0.2499842345714569,0.0,0.0,0.25008442997932434,0.2500039041042328,0.0,0.0,0.0,0.24992750585079193,0.0,0.0,0.0,0.0
0.0,0.0,0.0,0.0,0.2499537318944931,0.0,0.0,0.0,0.25003179907798767,0.2499295473098755,0.0,0.0,0.25008493661880493,0.0,0.0,0.0
0.0,0.0,0.0,0.0,0.0,0.2000674307346344,0.0,0.0,0.20004147291183472,0.19997739791870117,0.19999556243419647,0.0,0.0,0.19991813600063324,0.0,0.0
0.0,0.0,0.0,0.0,0.0,0.0,0.2001122236251831,0.0,0.0,0.19996365904808044,0.20000755786895752,0.19998392462730408,0.0,0.0,0.19993266463279724,0.0
0.0,0.0,0.0,0.0,0.0,0.0,0.0,0.2500244677066803,0.0,0.0,0.2499878704547882,0.2499498426914215,0.0,0.0,0.0,0.2500378489494324
0.0,0.0,0.0,0.0,0.0,0.0,0.0,0.0,0.3333781957626343,0.0,0.0,0.0,0.3334641754627228,0.33315762877464294,0.0,0.0
0.0,0.0,0.0,0.0,0.0,0.0,0.0,0.0,0.0,0.24997836351394653,0.0,0.0,0.2501263916492462,0.2499620020389557,0.24993324279785156,0.0
0.0,0.0,0.0,0.0,0.0,0.0,0.0,0.0,0.0,0.0,0.24999575316905975,0.0,0.0,0.249891996383667,0.25001195073127747,0.25010034441947937
0.0,0.0,0.0,0.0,0.0,0.0,0.0,0.0,0.0,0.0,0.0,0.3333238661289215,0.0,0.0,0.3332649767398834,0.33341115713119507
Neighbor_0,Neighbor_1,Neighbor_2,Neighbor_3,Neighbor_4,Neighbor_5,Neighbor_6,Neighbor_7,Neighbor_8,Neighbor_9,Neighbor_10,Neighbor_11,Neighbor_12,Neighbor_13,Neighbor_14,Neighbor_15,Single Sample Attention Score
0.33326488733291626,0.333385169506073,0.0,0.0,0.33334997296333313,0.0,0.0,0.0,0.0,0.0,0.0,0.0,0.0,0.0,0.0,0.0
0.2499159872531891,0.25003066658973694,0.24992673099040985,0.0,0.0,0.2501266598701477,0.0,0.0,0.0,0.0,0.0,0.0,0.0,0.0,0.0,0.0
0.0,0.24996903538703918,0.2498614490032196,0.2500503659248352,0.0,0.0,0.2501192092895508,0.0,0.0,0.0,0.0,0.0,0.0,0.0,0.0,0.0
0.0,0.0,0.33316680788993835,0.3334277868270874,0.0,0.0,0.0,0.33340540528297424,0.0,0.0,0.0,0.0,0.0,0.0,0.0,0.0
0.24988999962806702,0.0,0.0,0.0,0.24997107684612274,0.2500919699668884,0.0,0.0,0.25004690885543823,0.0,0.0,0.0,0.0,0.0,0.0,0.0
0.0,0.19996416568756104,0.0,0.0,0.1999581754207611,0.20005486905574799,0.20007982850074768,0.0,0.0,0.199942946434021,0.0,0.0,0.0,0.0,0.0,0.0
0.0,0.0,0.19988463819026947,0.0,0.0,0.20006175339221954,0.20008938014507294,0.1999998241662979,0.0,0.0,0.19996435940265656,0.0,0.0,0.0,0.0,0.0
0.0,0.0,0.0,0.24998636543750763,0.0,0.0,0.2500837743282318,0.25000280141830444,0.0,0.0,0.0,0.24992701411247253,0.0,0.0,0.0,0.0
0.0,0.0,0.0,0.0,0.24995195865631104,0.0,0.0,0.0,0.25003087520599365,0.2499302327632904,0.0,0.0,0.2500869333744049,0.0,0.0,0.0
0.0,0.0,0.0,0.0,0.0,0.2000657618045807,0.0,0.0,0.20004211366176605,0.19997888803482056,0.1999957412481308,0.0,0.0,0.1999174803495407,0.0,0.0
0.0,0.0,0.0,0.0,0.0,0.0,0.20011213421821594,0.0,0.0,0.19996540248394012,0.200007826089859,0.19998398423194885,0.0,0.0,0.19993063807487488,0.0
0.0,0.0,0.0,0.0,0.0,0.0,0.0,0.2500231862068176,0.0,0.0,0.2499881386756897,0.24994885921478271,0.0,0.0,0.0,0.2500397861003876
0.0,0.0,0.0,0.0,0.0,0.0,0.0,0.0,0.33337801694869995,0.0,0.0,0.0,0.33346688747406006,0.33315509557724,0.0,0.0
0.0,0.0,0.0,0.0,0.0,0.0,0.0,0.0,0.0,0.2499788999557495,0.0,0.0,0.2501290738582611,0.24996279180049896,0.24992921948432922,0.0
0.0,0.0,0.0,0.0,0.0,0.0,0.0,0.0,0.0,0.0,0.24999499320983887,0.0,0.0,0.24989065527915955,0.25001105666160583,0.25010329484939575
0.0,0.0,0.0,0.0,0.0,0.0,0.0,0.0,0.0,0.0,0.0,0.33332347869873047,0.0,0.0,0.3332613706588745,0.3334151804447174
Episode,39
Neighbor_0,Neighbor_1,Neighbor_2,Neighbor_3,Neighbor_4,Neighbor_5,Neighbor_6,Neighbor_7,Neighbor_8,Neighbor_9,Neighbor_10,Neighbor_11,Neighbor_12,Neighbor_13,Neighbor_14,Neighbor_15,Average Attention Score
0.33326390385627747,0.3333866000175476,0.0,0.0,0.3333495259284973,0.0,0.0,0.0,0.0,0.0,0.0,0.0,0.0,0.0,0.0,0.0
0.24991832673549652,0.2500348687171936,0.24992164969444275,0.0,0.0,0.25012513995170593,0.0,0.0,0.0,0.0,0.0,0.0,0.0,0.0,0.0,0.0
0.0,0.2499758005142212,0.24985869228839874,0.25004544854164124,0.0,0.0,0.2501200735569,0.0,0.0,0.0,0.0,0.0,0.0,0.0,0.0,0.0
0.0,0.0,0.33316144347190857,0.33342671394348145,0.0,0.0,0.0,0.33341184258461,0.0,0.0,0.0,0.0,0.0,0.0,0.0,0.0
0.24988853931427002,0.0,0.0,0.0,0.24997664988040924,0.25008994340896606,0.0,0.0,0.25004491209983826,0.0,0.0,0.0,0.0,0.0,0.0,0.0
0.0,0.19996841251850128,0.0,0.0,0.1999642550945282,0.20005351305007935,0.20007848739624023,0.0,0.0,0.19993533194065094,0.0,0.0,0.0,0.0,0.0,0.0
0.0,0.0,0.19988110661506653,0.0,0.0,0.20006173849105835,0.20009200274944305,0.20000247657299042,0.0,0.0,0.19996272027492523,0.0,0.0,0.0,0.0,0.0
0.0,0.0,0.0,0.24998332560062408,0.0,0.0,0.25008782744407654,0.25000718235969543,0.0,0.0,0.0,0.24992172420024872,0.0,0.0,0.0,0.0
0.0,0.0,0.0,0.0,0.24995894730091095,0.0,0.0,0.0,0.2500329613685608,0.24992145597934723,0.0,0.0,0.2500866651535034,0.0,0.0,0.0
0.0,0.0,0.0,0.0,0.0,0.20006664097309113,0.0,0.0,0.20003998279571533,0.19997267425060272,0.19999243319034576,0.0,0.0,0.19992829859256744,0.0,0.0
0.0,0.0,0.0,0.0,0.0,0.0,0.20011518895626068,0.0,0.0,0.19996169209480286,0.20000702142715454,0.19998019933700562,0.0,0.0,0.1999358981847763,0.0
0.0,0.0,0.0,0.0,0.0,0.0,0.0,0.25002869963645935,0.0,0.0,0.2499886155128479,0.24994471669197083,0.0,0.0,0.0,0.2500379979610443
0.0,0.0,0.0,0.0,0.0,0.0,0.0,0.0,0.33337265253067017,0.0,0.0,0.0,0.3334592282772064,0.3331681191921234,0.0,0.0
0.0,0.0,0.0,0.0,0.0,0.0,0.0,0.0,0.0,0.24996787309646606,0.0,0.0,0.25012871623039246,0.2499752640724182,0.24992816150188446,0.0
0.0,0.0,0.0,0.0,0.0,0.0,0.0,0.0,0.0,0.0,0.24999338388442993,0.0,0.0,0.2499016523361206,0.25001001358032227,0.2500949501991272
0.0,0.0,0.0,0.0,0.0,0.0,0.0,0.0,0.0,0.0,0.0,0.3333168029785156,0.0,0.0,0.33327019214630127,0.3334130048751831
Neighbor_0,Neighbor_1,Neighbor_2,Neighbor_3,Neighbor_4,Neighbor_5,Neighbor_6,Neighbor_7,Neighbor_8,Neighbor_9,Neighbor_10,Neighbor_11,Neighbor_12,Neighbor_13,Neighbor_14,Neighbor_15,Single Sample Attention Score
0.3332626223564148,0.3333885073661804,0.0,0.0,0.3333488702774048,0.0,0.0,0.0,0.0,0.0,0.0,0.0,0.0,0.0,0.0,0.0
0.24991558492183685,0.2500355541706085,0.24991728365421295,0.0,0.0,0.25013160705566406,0.0,0.0,0.0,0.0,0.0,0.0,0.0,0.0,0.0,0.0
0.0,0.2499731481075287,0.2498503476381302,0.2500480115413666,0.0,0.0,0.25012850761413574,0.0,0.0,0.0,0.0,0.0,0.0,0.0,0.0,0.0
0.0,0.0,0.3331497311592102,0.3334312438964844,0.0,0.0,0.0,0.3334190249443054,0.0,0.0,0.0,0.0,0.0,0.0,0.0,0.0
0.2498849630355835,0.0,0.0,0.0,0.24997396767139435,0.2500951290130615,0.0,0.0,0.2500459551811218,0.0,0.0,0.0,0.0,0.0,0.0,0.0
0.0,0.1999662071466446,0.0,0.0,0.19996117055416107,0.20005688071250916,0.20008531212806702,0.0,0.0,0.19993041455745697,0.0,0.0,0.0,0.0,0.0,0.0
0.0,0.0,0.19987346231937408,0.0,0.0,0.20006439089775085,0.20009836554527283,0.20000380277633667,0.0,0.0,0.19996000826358795,0.0,0.0,0.0,0.0,0.0
0.0,0.0,0.0,0.24998120963573456,0.0,0.0,0.25009405612945557,0.2500085234642029,0.0,0.0,0.0,0.2499161660671234,0.0,0.0,0.0,0.0
0.0,0.0,0.0,0.0,0.24995559453964233,0.0,0.0,0.0,0.2500344216823578,0.2499164193868637,0.0,0.0,0.25009357929229736,0.0,0.0,0.0
0.0,0.0,0.0,0.0,0.0,0.20007124543190002,0.0,0.0,0.200041726231575,0.1999717354774475,0.19999337196350098,0.0,0.0,0.1999218910932541,0.0,0.0
0.0,0.0,0.0,0.0,0.0,0.0,0.2001233994960785,0.0,0.0,0.19995827972888947,0.20000728964805603,0.19997937977313995,0.0,0.0,0.1999315321445465,0.0
0.0,0.0,0.0,0.0,0.0,0.0,0.0,0.2500319480895996,0.0,0.0,0.24998719990253448,0.2499416321516037,0.0,0.0,0.0,0.2500392198562622
0.0,0.0,0.0,0.0,0.0,0.0,0.0,0.0,0.33337458968162537,0.0,0.0,0.0,0.333469957113266,0.33315539360046387,0.0,0.0
0.0,0.0,0.0,0.0,0.0,0.0,0.0,0.0,0.0,0.24996647238731384,0.0,0.0,0.2501378357410431,0.24997061491012573,0.24992510676383972,0.0
0.0,0.0,0.0,0.0,0.0,0.0,0.0,0.0,0.0,0.0,0.2499946653842926,0.0,0.0,0.24989360570907593,0.25001031160354614,0.2501014173030853
0.0,0.0,0.0,0.0,0.0,0.0,0.0,0.0,0.0,0.0,0.0,0.33331727981567383,0.0,0.0,0.3332655131816864,0.33341720700263977
Episode,44
Neighbor_0,Neighbor_1,Neighbor_2,Neighbor_3,Neighbor_4,Neighbor_5,Neighbor_6,Neighbor_7,Neighbor_8,Neighbor_9,Neighbor_10,Neighbor_11,Neighbor_12,Neighbor_13,Neighbor_14,Neighbor_15,Average Attention Score
0.3332640826702118,0.3333832323551178,0.0,0.0,0.3333527147769928,0.0,0.0,0.0,0.0,0.0,0.0,0.0,0.0,0.0,0.0,0.0
0.24991771578788757,0.2500329315662384,0.24992729723453522,0.0,0.0,0.2501220703125,0.0,0.0,0.0,0.0,0.0,0.0,0.0,0.0,0.0,0.0
0.0,0.24997156858444214,0.24986326694488525,0.2500498294830322,0.0,0.0,0.25011542439460754,0.0,0.0,0.0,0.0,0.0,0.0,0.0,0.0,0.0
0.0,0.0,0.3331657946109772,0.33342722058296204,0.0,0.0,0.0,0.3334069848060608,0.0,0.0,0.0,0.0,0.0,0.0,0.0,0.0
0.24988658726215363,0.0,0.0,0.0,0.24998009204864502,0.2500876784324646,0.0,0.0,0.25004562735557556,0.0,0.0,0.0,0.0,0.0,0.0,0.0
0.0,0.1999671310186386,0.0,0.0,0.19996598362922668,0.20005099475383759,0.20007635653018951,0.0,0.0,0.1999395489692688,0.0,0.0,0.0,0.0,0.0,0.0
0.0,0.0,0.199885293841362,0.0,0.0,0.2000579535961151,0.20008820295333862,0.2000027745962143,0.0,0.0,0.19996576011180878,0.0,0.0,0.0,0.0,0.0
0.0,0.0,0.0,0.24998728930950165,0.0,0.0,0.25008276104927063,0.25000640749931335,0.0,0.0,0.0,0.24992355704307556,0.0,0.0,0.0,0.0
0.0,0.0,0.0,0.0,0.2499593198299408,0.0,0.0,0.0,0.2500315010547638,0.2499237358570099,0.0,0.0,0.25008541345596313,0.0,0.0,0.0
0.0,0.0,0.0,0.0,0.0,0.20006197690963745,0.0,0.0,0.20003853738307953,0.19997219741344452,0.1999966949224472,0.0,0.0,0.19993063807487488,0.0,0.0
0.0,0.0,0.0,0.0,0.0,0.0,0.20011141896247864,0.0,0.0,0.19996203482151031,0.20001158118247986,0.19998113811016083,0.0,0.0,0.19993391633033752,0.0
0.0,0.0,0.0,0.0,0.0,0.0,0.0,0.25002652406692505,0.0,0.0,0.24999180436134338,0.24994520843029022,0.0,0.0,0.0,0.2500365078449249
0.0,0.0,0.0,0.0,0.0,0.0,0.0,0.0,0.33337128162384033,0.0,0.0,0.0,0.3334570527076721,0.33317166566848755,0.0,0.0
0.0,0.0,0.0,0.0,0.0,0.0,0.0,0.0,0.0,0.24996860325336456,0.0,0.0,0.2501254379749298,0.24997860193252563,0.24992735683918,0.0
0.0,0.0,0.0,0.0,0.0,0.0,0.0,0.0,0.0,0.0,0.2499963790178299,0.0,0.0,0.24990211427211761,0.2500077188014984,0.2500937879085541
0.0,0.0,0.0,0.0,0.0,0.0,0.0,0.0,0.0,0.0,0.0,0.3333185315132141,0.0,0.0,0.33326956629753113,0.33341190218925476
Neighbor_0,Neighbor_1,Neighbor_2,Neighbor_3,Neighbor_4,Neighbor_5,Neighbor_6,Neighbor_7,Neighbor_8,Neighbor_9,Neighbor_10,Neighbor_11,Neighbor_12,Neighbor_13,Neighbor_14,Neighbor_15,Single Sample Attention Score
0.333263635635376,0.33338478207588196,0.0,0.0,0.33335158228874207,0.0,0.0,0.0,0.0,0.0,0.0,0.0,0.0,0.0,0.0,0.0
0.2499166876077652,0.2500339448451996,0.24992360174655914,0.0,0.0,0.25012579560279846,0.0,0.0,0.0,0.0,0.0,0.0,0.0,0.0,0.0,0.0
0.0,0.24996908009052277,0.24985595047473907,0.25005441904067993,0.0,0.0,0.2501205801963806,0.0,0.0,0.0,0.0,0.0,0.0,0.0,0.0,0.0
0.0,0.0,0.3331562578678131,0.33343347907066345,0.0,0.0,0.0,0.33341023325920105,0.0,0.0,0.0,0.0,0.0,0.0,0.0,0.0
0.24988453090190887,0.0,0.0,0.0,0.24997812509536743,0.2500907778739929,0.0,0.0,0.2500465214252472,0.0,0.0,0.0,0.0,0.0,0.0,0.0
0.0,0.19996608793735504,0.0,0.0,0.19996380805969238,0.20005278289318085,0.20008109509944916,0.0,0.0,0.19993633031845093,0.0,0.0,0.0,0.0,0.0,0.0
0.0,0.0,0.1998796910047531,0.0,0.0,0.20005957782268524,0.20009292662143707,0.20000380277633667,0.0,0.0,0.1999640166759491,0.0,0.0,0.0,0.0,0.0
0.0,0.0,0.0,0.24998866021633148,0.0,0.0,0.25008609890937805,0.2500065565109253,0.0,0.0,0.0,0.24991865456104279,0.0,0.0,0.0,0.0
0.0,0.0,0.0,0.0,0.24995622038841248,0.0,0.0,0.0,0.2500320076942444,0.24991963803768158,0.0,0.0,0.25009211897850037,0.0,0.0,0.0
0.0,0.0,0.0,0.0,0.0,0.20006471872329712,0.0,0.0,0.20003996789455414,0.1999715119600296,0.19999809563159943,0.0,0.0,0.19992578029632568,0.0,0.0
0.0,0.0,0.0,0.0,0.0,0.0,0.20011736452579498,0.0,0.0,0.19995978474617004,0.20001232624053955,0.19998067617416382,0.0,0.0,0.1999298632144928,0.0
0.0,0.0,0.0,0.0,0.0,0.0,0.0,0.25002846121788025,0.0,0.0,0.24999110400676727,0.24994239211082458,0.0,0.0,0.0,0.2500380277633667
0.0,0.0,0.0,0.0,0.0,0.0,0.0,0.0,0.3333722651004791,0.0,0.0,0.0,0.3334670066833496,0.33316075801849365,0.0,0.0
0.0,0.0,0.0,0.0,0.0,0.0,0.0,0.0,0.0,0.24996726214885712,0.0,0.0,0.25013381242752075,0.24997535347938538,0.24992355704307556,0.0
0.0,0.0,0.0,0.0,0.0,0.0,0.0,0.0,0.0,0.0,0.24999748170375824,0.0,0.0,0.24989528954029083,0.25000742077827454,0.2500998377799988
0.0,0.0,0.0,0.0,0.0,0.0,0.0,0.0,0.0,0.0,0.0,0.33331871032714844,0.0,0.0,0.33326444029808044,0.33341681957244873
Episode,49
Neighbor_0,Neighbor_1,Neighbor_2,Neighbor_3,Neighbor_4,Neighbor_5,Neighbor_6,Neighbor_7,Neighbor_8,Neighbor_9,Neighbor_10,Neighbor_11,Neighbor_12,Neighbor_13,Neighbor_14,Neighbor_15,Average Attention Score
0.3332676887512207,0.3333826959133148,0.0,0.0,0.33334967494010925,0.0,0.0,0.0,0.0,0.0,0.0,0.0,0.0,0.0,0.0,0.0
0.24992167949676514,0.2500331997871399,0.2499261498451233,0.0,0.0,0.25011900067329407,0.0,0.0,0.0,0.0,0.0,0.0,0.0,0.0,0.0,0.0
0.0,0.24997077882289886,0.24986067414283752,0.2500527799129486,0.0,0.0,0.2501158118247986,0.0,0.0,0.0,0.0,0.0,0.0,0.0,0.0,0.0
0.0,0.0,0.3331611752510071,0.3334311544895172,0.0,0.0,0.0,0.3334076702594757,0.0,0.0,0.0,0.0,0.0,0.0,0.0,0.0
0.24988724291324615,0.0,0.0,0.0,0.2499813735485077,0.2500852346420288,0.0,0.0,0.25004616379737854,0.0,0.0,0.0,0.0,0.0,0.0,0.0
0.0,0.1999681144952774,0.0,0.0,0.19996780157089233,0.20004874467849731,0.20007668435573578,0.0,0.0,0.19993862509727478,0.0,0.0,0.0,0.0,0.0,0.0
0.0,0.0,0.19988375902175903,0.0,0.0,0.2000560611486435,0.20009052753448486,0.20000331103801727,0.0,0.0,0.19996631145477295,0.0,0.0,0.0,0.0,0.0
0.0,0.0,0.0,0.24998782575130463,0.0,0.0,0.25008416175842285,0.2500060796737671,0.0,0.0,0.0,0.24992194771766663,0.0,0.0,0.0,0.0
0.0,0.0,0.0,0.0,0.24995917081832886,0.0,0.0,0.0,0.25003257393836975,0.24992407858371735,0.0,0.0,0.25008419156074524,0.0,0.0,0.0
0.0,0.0,0.0,0.0,0.0,0.20006141066551208,0.0,0.0,0.2000383585691452,0.1999734342098236,0.19999711215496063,0.0,0.0,0.19992972910404205,0.0,0.0
0.0,0.0,0.0,0.0,0.0,0.0,0.20011280477046967,0.0,0.0,0.1999625414609909,0.200010746717453,0.19998091459274292,0.0,0.0,0.1999330073595047,0.0
0.0,0.0,0.0,0.0,0.0,0.0,0.0,0.2500288188457489,0.0,0.0,0.24999289214611053,0.2499457150697708,0.0,0.0,0.0,0.2500326335430145
0.0,0.0,0.0,0.0,0.0,0.0,0.0,0.0,0.3333732485771179,0.0,0.0,0.0,0.33345669507980347,0.3331700265407562,0.0,0.0
0.0,0.0,0.0,0.0,0.0,0.0,0.0,0.0,0.0,0.24996992945671082,0.0,0.0,0.25012582540512085,0.24997839331626892,0.2499258667230606,0.0
0.0,0.0,0.0,0.0,0.0,0.0,0.0,0.0,0.0,0.0,0.249999538064003,0.0,0.0,0.24990566074848175,0.25000566244125366,0.2500891387462616
0.0,0.0,0.0,0.0,0.0,0.0,0.0,0.0,0.0,0.0,0.0,0.33331993222236633,0.0,0.0,0.33327269554138184,0.33340737223625183
Neighbor_0,Neighbor_1,Neighbor_2,Neighbor_3,Neighbor_4,Neighbor_5,Neighbor_6,Neighbor_7,Neighbor_8,Neighbor_9,Neighbor_10,Neighbor_11,Neighbor_12,Neighbor_13,Neighbor_14,Neighbor_15,Single Sample Attention Score
0.33327361941337585,0.33337172865867615,0.0,0.0,0.333354651927948,0.0,0.0,0.0,0.0,0.0,0.0,0.0,0.0,0.0,0.0,0.0
0.2499336302280426,0.2500290870666504,0.24994656443595886,0.0,0.0,0.25009074807167053,0.0,0.0,0.0,0.0,0.0,0.0,0.0,0.0,0.0,0.0
0.0,0.2499888837337494,0.24990631639957428,0.25002962350845337,0.0,0.0,0.25007522106170654,0.0,0.0,0.0,0.0,0.0,0.0,0.0,0.0,0.0
0.0,0.0,0.3332239091396332,0.3333992063999176,0.0,0.0,0.0,0.3333769142627716,0.0,0.0,0.0,0.0,0.0,0.0,0.0,0.0
0.2499011904001236,0.0,0.0,0.0,0.2499942034482956,0.25006067752838135,0.0,0.0,0.25004392862319946,0.0,0.0,0.0,0.0,0.0,0.0,0.0
0.0,0.19997753202915192,0.0,0.0,0.19998331367969513,0.20003452897071838,0.20004042983055115,0.0,0.0,0.19996418058872223,0.0,0.0,0.0,0.0,0.0,0.0
0.0,0.0,0.19992296397686005,0.0,0.0,0.2000475525856018,0.20005735754966736,0.19999657571315765,0.0,0.0,0.1999756395816803,0.0,0.0,0.0,0.0,0.0
0.0,0.0,0.0,0.24998870491981506,0.0,0.0,0.25005441904067993,0.2500028610229492,0.0,0.0,0.0,0.2499540150165558,0.0,0.0,0.0,0.0
0.0,0.0,0.0,0.0,0.249977245926857,0.0,0.0,0.0,0.2500293552875519,0.2499474734067917,0.0,0.0,0.2500459551811218,0.0,0.0,0.0
0.0,0.0,0.0,0.0,0.0,0.20004069805145264,0.0,0.0,0.20003485679626465,0.1999763697385788,0.19998279213905334,0.0,0.0,0.19996528327465057,0.0,0.0
0.0,0.0,0.0,0.0,0.0,0.0,0.2000698298215866,0.0,0.0,0.19998131692409515,0.2000047266483307,0.19998463988304138,0.0,0.0,0.19995954632759094,0.0
0.0,0.0,0.0,0.0,0.0,0.0,0.0,0.2500132620334625,0.0,0.0,0.24999436736106873,0.24996070563793182,0.0,0.0,0.0,0.2500317394733429
0.0,0.0,0.0,0.0,0.0,0.0,0.0,0.0,0.3333657383918762,0.0,0.0,0.0,0.33339402079582214,0.333240270614624,0.0,0.0
0.0,0.0,0.0,0.0,0.0,0.0,0.0,0.0,0.0,0.24997402727603912,0.0,0.0,0.25007563829421997,0.2500056326389313,0.24994473159313202,0.0
0.0,0.0,0.0,0.0,0.0,0.0,0.0,0.0,0.0,0.0,0.24998441338539124,0.0,0.0,0.24994900822639465,0.2500090003013611,0.25005751848220825
0.0,0.0,0.0,0.0,0.0,0.0,0.0,0.0,0.0,0.0,0.0,0.3333120346069336,0.0,0.0,0.333299845457077,0.3333881199359894
Episode,54
Neighbor_0,Neighbor_1,Neighbor_2,Neighbor_3,Neighbor_4,Neighbor_5,Neighbor_6,Neighbor_7,Neighbor_8,Neighbor_9,Neighbor_10,Neighbor_11,Neighbor_12,Neighbor_13,Neighbor_14,Neighbor_15,Average Attention Score
0.33327212929725647,0.3333786725997925,0.0,0.0,0.33334919810295105,0.0,0.0,0.0,0.0,0.0,0.0,0.0,0.0,0.0,0.0,0.0
0.24992606043815613,0.25003159046173096,0.2499295026063919,0.0,0.0,0.2501128613948822,0.0,0.0,0.0,0.0,0.0,0.0,0.0,0.0,0.0,0.0
0.0,0.24997183680534363,0.24986673891544342,0.2500489354133606,0.0,0.0,0.25011247396469116,0.0,0.0,0.0,0.0,0.0,0.0,0.0,0.0,0.0
0.0,0.0,0.3331668972969055,0.3334238529205322,0.0,0.0,0.0,0.33340930938720703,0.0,0.0,0.0,0.0,0.0,0.0,0.0,0.0
0.24989043176174164,0.0,0.0,0.0,0.24998562037944794,0.25007879734039307,0.0,0.0,0.25004518032073975,0.0,0.0,0.0,0.0,0.0,0.0,0.0
0.0,0.19996856153011322,0.0,0.0,0.19997242093086243,0.20004607737064362,0.20007428526878357,0.0,0.0,0.19993865489959717,0.0,0.0,0.0,0.0,0.0,0.0
0.0,0.0,0.19988758862018585,0.0,0.0,0.200052872300148,0.20008739829063416,0.20000530779361725,0.0,0.0,0.19996677339076996,0.0,0.0,0.0,0.0,0.0
0.0,0.0,0.0,0.24998779594898224,0.0,0.0,0.2500815689563751,0.2500104606151581,0.0,0.0,0.0,0.24992018938064575,0.0,0.0,0.0,0.0
0.0,0.0,0.0,0.0,0.24996234476566315,0.0,0.0,0.0,0.25003424286842346,0.2499203383922577,0.0,0.0,0.2500831186771393,0.0,0.0,0.0
0.0,0.0,0.0,0.0,0.0,0.20005862414836884,0.0,0.0,0.20003741979599,0.19996926188468933,0.19999760389328003,0.0,0.0,0.19993709027767181,0.0,0.0
0.0,0.0,0.0,0.0,0.0,0.0,0.20011001825332642,0.0,0.0,0.19995975494384766,0.20001213252544403,0.19997826218605042,0.0,0.0,0.1999398022890091,0.0
0.0,0.0,0.0,0.0,0.0,0.0,0.0,0.2500324845314026,0.0,0.0,0.24999408423900604,0.2499426305294037,0.0,0.0,0.0,0.25003087520599365
0.0,0.0,0.0,0.0,0.0,0.0,0.0,0.0,0.3333708345890045,0.0,0.0,0.0,0.3334490656852722,0.33318009972572327,0.0,0.0
0.0,0.0,0.0,0.0,0.0,0.0,0.0,0.0,0.0,0.24996326863765717,0.0,0.0,0.2501203715801239,0.24998602271080017,0.24993041157722473,0.0
0.0,0.0,0.0,0.0,0.0,0.0,0.0,0.0,0.0,0.0,0.24999770522117615,0.0,0.0,0.24990984797477722,0.2500085234642029,0.25008389353752136
0.0,0.0,0.0,0.0,0.0,0.0,0.0,0.0,0.0,0.0,0.0,0.333313524723053,0.0,0.0,0.33328163623809814,0.3334048390388489
Neighbor_0,Neighbor_1,Neighbor_2,Neighbor_3,Neighbor_4,Neighbor_5,Neighbor_6,Neighbor_7,Neighbor_8,Neighbor_9,Neighbor_10,Neighbor_11,Neighbor_12,Neighbor_13,Neighbor_14,Neighbor_15,Single Sample Attention Score
0.333272248506546,0.3333800137042999,0.0,0.0,0.3333476781845093,0.0,0.0,0.0,0.0,0.0,0.0,0.0,0.0,0.0,0.0,0.0
0.2499236911535263,0.25003206729888916,0.24992594122886658,0.0,0.0,0.2501183748245239,0.0,0.0,0.0,0.0,0.0,0.0,0.0,0.0,0.0,0.0
0.0,0.249968022108078,0.24985858798027039,0.25005316734313965,0.0,0.0,0.2501201629638672,0.0,0.0,0.0,0.0,0.0,0.0,0.0,0.0,0.0
0.0,0.0,0.33315566182136536,0.3334295451641083,0.0,0.0,0.0,0.33341479301452637,0.0,0.0,0.0,0.0,0.0,0.0,0.0,0.0
0.249887153506279,0.0,0.0,0.0,0.2499830424785614,0.2500832974910736,0.0,0.0,0.2500465214252472,0.0,0.0,0.0,0.0,0.0,0.0,0.0
0.0,0.19996632635593414,0.0,0.0,0.19996944069862366,0.20004890859127045,0.2000812143087387,0.0,0.0,0.19993412494659424,0.0,0.0,0.0,0.0,0.0,0.0
0.0,0.0,0.19988049566745758,0.0,0.0,0.20005467534065247,0.20009365677833557,0.2000066488981247,0.0,0.0,0.1999645233154297,0.0,0.0,0.0,0.0,0.0
0.0,0.0,0.0,0.24998779594898224,0.0,0.0,0.2500871419906616,0.2500113248825073,0.0,0.0,0.0,0.24991370737552643,0.0,0.0,0.0,0.0
0.0,0.0,0.0,0.0,0.2499590665102005,0.0,0.0,0.0,0.2500365972518921,0.24991583824157715,0.0,0.0,0.25008848309516907,0.0,0.0,0.0
0.0,0.0,0.0,0.0,0.0,0.20006239414215088,0.0,0.0,0.20003896951675415,0.19996796548366547,0.19999924302101135,0.0,0.0,0.19993148744106293,0.0,0.0
0.0,0.0,0.0,0.0,0.0,0.0,0.200118288397789,0.0,0.0,0.19995591044425964,0.2000131607055664,0.19997717440128326,0.0,0.0,0.1999354362487793,0.0
0.0,0.0,0.0,0.0,0.0,0.0,0.0,0.2500359117984772,0.0,0.0,0.2499934881925583,0.24993929266929626,0.0,0.0,0.0,0.2500312924385071
0.0,0.0,0.0,0.0,0.0,0.0,0.0,0.0,0.3333736062049866,0.0,0.0,0.0,0.33345741033554077,0.33316898345947266,0.0,0.0
0.0,0.0,0.0,0.0,0.0,0.0,0.0,0.0,0.0,0.24996188282966614,0.0,0.0,0.2501276731491089,0.24998287856578827,0.2499275505542755,0.0
0.0,0.0,0.0,0.0,0.0,0.0,0.0,0.0,0.0,0.0,0.249999538064003,0.0,0.0,0.2499023973941803,0.2500087022781372,0.2500894069671631
0.0,0.0,0.0,0.0,0.0,0.0,0.0,0.0,0.0,0.0,0.0,0.333313912153244,0.0,0.0,0.3332775831222534,0.3334084749221802
